direction,modern_section,modern_title,legacy_section,legacy_title,score,reason
companies_2013_to_1956,126,"Right to dividend, rights shares and bonus shares to be held in abeyance pending registration",206A,"RIGHT TO DIVIDEND, RIGHTS SHARES AND BONUS SHARES TO BE HELD IN ABEYANCE PENDING",9.625,"shared_keywords=['abeyance', 'bonus', 'dividend', 'held', 'right', 'rights', 'shares']; title_jaccard=0.88"
companies_1956_to_2013,126,"Right to dividend, rights shares and bonus shares to be held in abeyance pending registration",206A,"RIGHT TO DIVIDEND, RIGHTS SHARES AND BONUS SHARES TO BE HELD IN ABEYANCE PENDING",9.625,"shared_keywords=['abeyance', 'bonus', 'dividend', 'held', 'right', 'rights', 'shares']; title_jaccard=0.88"
companies_2013_to_1956,50,"Company to accept unpaid share capital, although not called up. —(1) A company may, if so",92,"POWER OF COMPANY TO ACCEPT UNPAID SHARE CAPITAL, ALTHOUGH NOT CALLED UP",9.000,"shared_keywords=['accept', 'although', 'called', 'capital', 'share', 'unpaid']; title_jaccard=1.00"
companies_1956_to_2013,50,"Company to accept unpaid share capital, although not called up. —(1) A company may, if so",92,"POWER OF COMPANY TO ACCEPT UNPAID SHARE CAPITAL, ALTHOUGH NOT CALLED UP",9.000,"shared_keywords=['accept', 'although', 'called', 'capital', 'share', 'unpaid']; title_jaccard=1.00"
companies_2013_to_1956,127,Punishment for failure to distribute dividends. —Where a dividend has been declared by a,207,Penalty for failure to distribute dividends within forty-two day . - Where a dividend has been declared by a,7.800,"shared_keywords=['been', 'declared', 'distribute', 'dividend', 'dividends', 'failure']; title_jaccard=0.60"
companies_1956_to_2013,127,Punishment for failure to distribute dividends. —Where a dividend has been declared by a,207,Penalty for failure to distribute dividends within forty-two day . - Where a dividend has been declared by a,7.800,"shared_keywords=['been', 'declared', 'distribute', 'dividend', 'dividends', 'failure']; title_jaccard=0.60"
companies_2013_to_1956,15,Alteration of memorandum or articles to be noted in every copy.—(1) Every alteration made in,40,"ALTERATION OF MEMORANDUM OR ARTICLES, ETC., TO BE NOTED IN EVERY COPY",7.500,"shared_keywords=['alteration', 'articles', 'copy', 'memorandum', 'noted']; title_jaccard=0.83"
companies_1956_to_2013,15,Alteration of memorandum or articles to be noted in every copy.—(1) Every alteration made in,40,"ALTERATION OF MEMORANDUM OR ARTICLES, ETC., TO BE NOTED IN EVERY COPY",7.500,"shared_keywords=['alteration', 'articles', 'copy', 'memorandum', 'noted']; title_jaccard=0.83"
companies_2013_to_1956,51,"Payment of dividend in proportion to amount paid-up.—A company may, if so authorised by",93,PAYMENT OF DIVIDEND IN PROPORTION TO AMOUNT PAID-UP,7.500,"shared_keywords=['amount', 'dividend', 'paid', 'payment', 'proportion']; title_jaccard=0.83"
companies_1956_to_2013,51,"Payment of dividend in proportion to amount paid-up.—A company may, if so authorised by",93,PAYMENT OF DIVIDEND IN PROPORTION TO AMOUNT PAID-UP,7.500,"shared_keywords=['amount', 'dividend', 'paid', 'payment', 'proportion']; title_jaccard=0.83"
companies_2013_to_1956,52,Application of premiums received on issue of shares.—(1) Where a company issues shares at a,78,APPLICATION OF PREMIUMS RECEIVED ON ISSUE OF SHARES,7.500,"shared_keywords=['application', 'issue', 'premiums', 'received', 'shares']; title_jaccard=0.83"
companies_1956_to_2013,52,Application of premiums received on issue of shares.—(1) Where a company issues shares at a,78,APPLICATION OF PREMIUMS RECEIVED ON ISSUE OF SHARES,7.500,"shared_keywords=['application', 'issue', 'premiums', 'received', 'shares']; title_jaccard=0.83"
companies_2013_to_1956,60,"Publication of authorised, subscribed and paid -up capital. —(1) Where any notice,",148,PUBLICATION OF AUTHORISED AS WELL AS SUBSCRIBED AND PAID-UP CAPITAL,7.143,"shared_keywords=['authorised', 'capital', 'paid', 'publication', 'subscribed']; title_jaccard=0.71"
companies_1956_to_2013,60,"Publication of authorised, subscribed and paid -up capital. —(1) Where any notice,",148,PUBLICATION OF AUTHORISED AS WELL AS SUBSCRIBED AND PAID-UP CAPITAL,7.143,"shared_keywords=['authorised', 'capital', 'paid', 'publication', 'subscribed']; title_jaccard=0.71"
companies_2013_to_1956,94,"Place of keeping and inspection of registers, returns, etc.—(1) The registers required to be kept and",163,"PLACE OF KEEPING, AND INSPECTION OF, REGISTERS AND RETURNS",7.143,"shared_keywords=['inspection', 'keeping', 'place', 'registers', 'returns']; title_jaccard=0.71"
companies_1956_to_2013,94,"Place of keeping and inspection of registers, returns, etc.—(1) The registers required to be kept and",163,"PLACE OF KEEPING, AND INSPECTION OF, REGISTERS AND RETURNS",7.143,"shared_keywords=['inspection', 'keeping', 'place', 'registers', 'returns']; title_jaccard=0.71"
companies_2013_to_1956,36,"Punishment for fraudulently inducing persons to invest money. —Any person who, either",68,PENALTY FOR FRAUDULENTLY INDUCING PERSONS TO INVEST MONEY,6.875,"shared_keywords=['fraudulently', 'inducing', 'invest', 'money', 'persons']; title_jaccard=0.62"
companies_1956_to_2013,36,"Punishment for fraudulently inducing persons to invest money. —Any person who, either",68,PENALTY FOR FRAUDULENTLY INDUCING PERSONS TO INVEST MONEY,6.875,"shared_keywords=['fraudulently', 'inducing', 'invest', 'money', 'persons']; title_jaccard=0.62"
companies_2013_to_1956,65,Unlimited company to provide for reserve share capital on conversion into limited,98,POWER OF UNLIMITED COMPANY TO PROVIDE FOR RESERVE SHARE CAPITAL ON RE-REGISTRATION,6.667,"shared_keywords=['capital', 'provide', 'reserve', 'share', 'unlimited']; title_jaccard=0.56"
companies_1956_to_2013,65,Unlimited company to provide for reserve share capital on conversion into limited,98,POWER OF UNLIMITED COMPANY TO PROVIDE FOR RESERVE SHARE CAPITAL ON RE-REGISTRATION,6.667,"shared_keywords=['capital', 'provide', 'reserve', 'share', 'unlimited']; title_jaccard=0.56"
companies_2013_to_1956,61,Power of limited company to alter its share capital.—(1) A limited company having a share,94,POWER OF LIMITED COMPANY TO ALTER ITS SHARE CAPITAL,6.400,"shared_keywords=['alter', 'capital', 'limited', 'share']; title_jaccard=0.80"
companies_1956_to_2013,61,Power of limited company to alter its share capital.—(1) A limited company having a share,94,POWER OF LIMITED COMPANY TO ALTER ITS SHARE CAPITAL,6.400,"shared_keywords=['alter', 'capital', 'limited', 'share']; title_jaccard=0.80"
companies_2013_to_1956,81,"Register of charges to be kept by Registrar. —(1) The Registrar shall, in respect of every",130,REGISTER OF CHARGES TO BE KEPT BY REGISTRAR,6.400,"shared_keywords=['charges', 'kept', 'register', 'registrar']; title_jaccard=0.80"
companies_1956_to_2013,81,"Register of charges to be kept by Registrar. —(1) The Registrar shall, in respect of every",130,REGISTER OF CHARGES TO BE KEPT BY REGISTRAR,6.400,"shared_keywords=['charges', 'kept', 'register', 'registrar']; title_jaccard=0.80"
companies_2013_to_1956,112,Representation of President and Governors in meetings. —(1) The President of India or the,187A,REPRESENTATION OF THE PRESIDENT AND GOVERNORS IN MEETINGS OF COMPANIES OF WHICH,6.400,"shared_keywords=['governors', 'meetings', 'president', 'representation']; title_jaccard=0.80"
companies_1956_to_2013,112,Representation of President and Governors in meetings. —(1) The President of India or the,187A,REPRESENTATION OF THE PRESIDENT AND GOVERNORS IN MEETINGS OF COMPANIES OF WHICH,6.400,"shared_keywords=['governors', 'meetings', 'president', 'representation']; title_jaccard=0.80"
companies_2013_to_1956,34,"Criminal liability for mis-statements in prospectus.—Where a prospectus, issued, circulated or",63,CRIMINAL LIABILITY FOR MIS-STATEMENTS IN PROSPECTUS,6.000,"shared_keywords=['criminal', 'liability', 'prospectus', 'statements']; title_jaccard=0.67"
companies_1956_to_2013,34,"Criminal liability for mis-statements in prospectus.—Where a prospectus, issued, circulated or",63,CRIMINAL LIABILITY FOR MIS-STATEMENTS IN PROSPECTUS,6.000,"shared_keywords=['criminal', 'liability', 'prospectus', 'statements']; title_jaccard=0.67"
companies_2013_to_1956,35,Civil liability for mis-statements in prospectus.—(1) Where a person has subscribed for securities,62,CIVIL LIABILITY FOR MIS-STATEMENTS IN PROSPECTUS,6.000,"shared_keywords=['civil', 'liability', 'prospectus', 'statements']; title_jaccard=0.67"
companies_1956_to_2013,35,Civil liability for mis-statements in prospectus.—(1) Where a person has subscribed for securities,62,CIVIL LIABILITY FOR MIS-STATEMENTS IN PROSPECTUS,6.000,"shared_keywords=['civil', 'liability', 'prospectus', 'statements']; title_jaccard=0.67"
companies_2013_to_1956,70,Prohibition for buy-back in certain circumstances.—(1) No company shall directly or indirectly,77B,PROHIBITION FOR BUY-BACK IN CERTAIN CIRCUMSTANCES,6.000,"shared_keywords=['back', 'certain', 'circumstances', 'prohibition']; title_jaccard=0.67"
companies_1956_to_2013,70,Prohibition for buy-back in certain circumstances.—(1) No company shall directly or indirectly,77B,PROHIBITION FOR BUY-BACK IN CERTAIN CIRCUMSTANCES,6.000,"shared_keywords=['back', 'certain', 'circumstances', 'prohibition']; title_jaccard=0.67"
companies_2013_to_1956,115,"Resolutions requiring special notice.—Where, by any provision contained in this Act or in the",190,RESOLUTIONS REQUIRING SPECIAL NOTICE,6.000,"shared_keywords=['notice', 'requiring', 'resolutions', 'special']; title_jaccard=0.67"
companies_1956_to_2013,115,"Resolutions requiring special notice.—Where, by any provision contained in this Act or in the",190,RESOLUTIONS REQUIRING SPECIAL NOTICE,6.000,"shared_keywords=['notice', 'requiring', 'resolutions', 'special']; title_jaccard=0.67"
companies_2013_to_1956,54,"Issue of sweat equity shares.—(1) Notwithstanding anything contained in section 53, a company",79A,ISSUE OF SWEAT EQUITY SHARES,5.714,"shared_keywords=['equity', 'issue', 'shares', 'sweat']; title_jaccard=0.57"
companies_1956_to_2013,54,"Issue of sweat equity shares.—(1) Notwithstanding anything contained in section 53, a company",79A,ISSUE OF SWEAT EQUITY SHARES,5.714,"shared_keywords=['equity', 'issue', 'shares', 'sweat']; title_jaccard=0.57"
companies_2013_to_1956,118,"Minutes of proceedings of general meeting, meeting of Board of Directors and other meeting",193,MINUTES OF PROCEEDINGS OF GENERAL MEETINGS AND OF BOARD AND OTHER MEETINGS,5.714,"shared_keywords=['board', 'general', 'minutes', 'proceedings']; title_jaccard=0.57"
companies_1956_to_2013,118,"Minutes of proceedings of general meeting, meeting of Board of Directors and other meeting",193,MINUTES OF PROCEEDINGS OF GENERAL MEETINGS AND OF BOARD AND OTHER MEETINGS,5.714,"shared_keywords=['board', 'general', 'minutes', 'proceedings']; title_jaccard=0.57"
companies_2013_to_1956,58,Refusal of registration and appeal against refusal.—(1) If a private company limited by shares,111,POWER TO REFUSE REGISTRATION AND APPEAL AGAINST REFUSAL,5.500,"shared_keywords=['against', 'appeal', 'refusal', 'registration']; title_jaccard=0.50"
companies_1956_to_2013,58,Refusal of registration and appeal against refusal.—(1) If a private company limited by shares,111,POWER TO REFUSE REGISTRATION AND APPEAL AGAINST REFUSAL,5.500,"shared_keywords=['against', 'appeal', 'refusal', 'registration']; title_jaccard=0.50"
companies_2013_to_1956,89,Declaration in respect of beneficial interest in any share. —(1) Where the name of a person is,187C,DECLARATION BY PERSONS NOT HOLDING BENEFICIAL INTEREST IN ANY SHARE,5.500,"shared_keywords=['beneficial', 'declaration', 'interest', 'share']; title_jaccard=0.50"
companies_1956_to_2013,89,Declaration in respect of beneficial interest in any share. —(1) Where the name of a person is,187C,DECLARATION BY PERSONS NOT HOLDING BENEFICIAL INTEREST IN ANY SHARE,5.500,"shared_keywords=['beneficial', 'declaration', 'interest', 'share']; title_jaccard=0.50"
companies_2013_to_1956,119,Inspection of minute-books of general meeting.—(1) The books containing the minutes of the,196,INSPECTION OF MINUTE BOOKS OF GENERAL MEETINGS,5.500,"shared_keywords=['books', 'general', 'inspection', 'minute']; title_jaccard=0.50"
companies_1956_to_2013,119,Inspection of minute-books of general meeting.—(1) The books containing the minutes of the,196,INSPECTION OF MINUTE BOOKS OF GENERAL MEETINGS,5.500,"shared_keywords=['books', 'general', 'inspection', 'minute']; title_jaccard=0.50"
companies_2013_to_1956,125,Investor Education and Protection Fund.—(1) The Central Government shall establish a Fund,205C,ESTABLISHMENT OF INVESTOR EDUCATION AND PROTECTION FUND,5.500,"shared_keywords=['education', 'fund', 'investor', 'protection']; title_jaccard=0.50"
companies_1956_to_2013,125,Investor Education and Protection Fund.—(1) The Central Government shall establish a Fund,205C,ESTABLISHMENT OF INVESTOR EDUCATION AND PROTECTION FUND,5.500,"shared_keywords=['education', 'fund', 'investor', 'protection']; title_jaccard=0.50"
companies_2013_to_1956,461,Annual report by Central Government.—The Central Government shall cause a general annual,167,POWER OF CENTRAL GOVERNMENT TO CALL ANNUAL GENERAL MEETING,5.500,"shared_keywords=['annual', 'central', 'general', 'government']; title_jaccard=0.50"
companies_1956_to_2013,461,Annual report by Central Government.—The Central Government shall cause a general annual,167,POWER OF CENTRAL GOVERNMENT TO CALL ANNUAL GENERAL MEETING,5.500,"shared_keywords=['annual', 'central', 'general', 'government']; title_jaccard=0.50"
companies_2013_to_1956,100,"Calling of extraordinary general meeting.—(1) The Board may, whenever it deems fit, call an",169,CALLING OF EXTRAORDINARY GENERAL MEETING ON REQUISITION,5.333,"shared_keywords=['calling', 'extraordinary', 'general', 'meeting']; title_jaccard=0.44"
companies_1956_to_2013,100,"Calling of extraordinary general meeting.—(1) The Board may, whenever it deems fit, call an",169,CALLING OF EXTRAORDINARY GENERAL MEETING ON REQUISITION,5.333,"shared_keywords=['calling', 'extraordinary', 'general', 'meeting']; title_jaccard=0.44"
companies_2013_to_1956,211,"Establishment of Serious Fraud Investigation Office. —(1) The Central Government shall, by",8,POWER OF CENTRAL GOVERNMENT TO DECLARE AN ESTABLISHMENT NOT TO BE A BRANCH OFFICE,5.333,"shared_keywords=['central', 'establishment', 'government', 'office']; title_jaccard=0.44"
companies_1956_to_2013,211,"Establishment of Serious Fraud Investigation Office. —(1) The Central Government shall, by",8,POWER OF CENTRAL GOVERNMENT TO DECLARE AN ESTABLISHMENT NOT TO BE A BRANCH OFFICE,5.333,"shared_keywords=['central', 'establishment', 'government', 'office']; title_jaccard=0.44"
companies_2013_to_1956,464,Prohibition of associati on or partnership of persons exceeding certain number. —(1) No,11,PROHIBITION OF ASSOCIATIONS AND PARTNERSHIPS EXCEEDING CERTAIN NUMBER,5.333,"shared_keywords=['certain', 'exceeding', 'number', 'prohibition']; title_jaccard=0.44"
companies_1956_to_2013,464,Prohibition of associati on or partnership of persons exceeding certain number. —(1) No,11,PROHIBITION OF ASSOCIATIONS AND PARTNERSHIPS EXCEEDING CERTAIN NUMBER,5.333,"shared_keywords=['certain', 'exceeding', 'number', 'prohibition']; title_jaccard=0.44"
companies_2013_to_1956,187,Investments of company to be held in its own name. —(1) All investments made or held by a,49,INVESTMENTS OF COMPANY TO BE HELD IN ITS OWN NAME,5.250,"shared_keywords=['held', 'investments', 'name']; title_jaccard=0.75"
companies_1956_to_2013,187,Investments of company to be held in its own name. —(1) All investments made or held by a,49,INVESTMENTS OF COMPANY TO BE HELD IN ITS OWN NAME,5.250,"shared_keywords=['held', 'investments', 'name']; title_jaccard=0.75"
companies_2013_to_1956,25,Document containing offer of securities for sale to be d eemed prospectus. —(1) Where a,64,DOCUMENT CONTAINING OFFER OF SHARES OR DEBENTURES FOR SALE TO BE DEEMED,5.200,"shared_keywords=['containing', 'document', 'offer', 'sale']; title_jaccard=0.40"
companies_1956_to_2013,25,Document containing offer of securities for sale to be d eemed prospectus. —(1) Where a,64,DOCUMENT CONTAINING OFFER OF SHARES OR DEBENTURES FOR SALE TO BE DEEMED,5.200,"shared_keywords=['containing', 'document', 'offer', 'sale']; title_jaccard=0.40"
companies_2013_to_1956,64,Notice to be given to Registrar for alteration of share capital.—(1) Where,95,"NOTICE TO REGISTRAR OF CONSOLIDATION OF SHARE CAPITAL, CONVERSION OF SHARES INTO",5.200,"shared_keywords=['capital', 'notice', 'registrar', 'share']; title_jaccard=0.40"
companies_1956_to_2013,64,Notice to be given to Registrar for alteration of share capital.—(1) Where,95,"NOTICE TO REGISTRAR OF CONSOLIDATION OF SHARE CAPITAL, CONVERSION OF SHARES INTO",5.200,"shared_keywords=['capital', 'notice', 'registrar', 'share']; title_jaccard=0.40"
companies_2013_to_1956,29,Public offer of securities to be in dematerialised form.—(1) Notwithstanding anything contained,68B,INITIAL OFFER OF SECURITIES TO BE IN DEMATERIALISED FORM IN CERTAIN CASES,5.091,"shared_keywords=['dematerialised', 'form', 'offer', 'securities']; title_jaccard=0.36"
companies_1956_to_2013,29,Public offer of securities to be in dematerialised form.—(1) Notwithstanding anything contained,68B,INITIAL OFFER OF SECURITIES TO BE IN DEMATERIALISED FORM IN CERTAIN CASES,5.091,"shared_keywords=['dematerialised', 'form', 'offer', 'securities']; title_jaccard=0.36"
companies_2013_to_1956,172,Penalty.— If a company is in default in complying with any of the provisions of this Chapter,168,PENALTY FOR DEFAULT IN COMPLYING WITH SECTION 166 OR 167,4.900,"shared_keywords=['complying', 'default', 'penalty']; title_jaccard=0.60"
companies_1956_to_2013,172,Penalty.— If a company is in default in complying with any of the provisions of this Chapter,168,PENALTY FOR DEFAULT IN COMPLYING WITH SECTION 166 OR 167,4.900,"shared_keywords=['complying', 'default', 'penalty']; title_jaccard=0.60"
companies_2013_to_1956,80,Date of notice of charge.—Where any charge on any property or assets of a company or any of its,126,DATE OF NOTICE OF CHARGE,4.800,"shared_keywords=['charge', 'date', 'notice']; title_jaccard=0.60"
companies_1956_to_2013,80,Date of notice of charge.—Where any charge on any property or assets of a company or any of its,126,DATE OF NOTICE OF CHARGE,4.800,"shared_keywords=['charge', 'date', 'notice']; title_jaccard=0.60"
companies_2013_to_1956,96,Annual general meeting. —(1) Every company other than a One Person Company shall in each,166,ANNUAL GENERAL MEETING,4.800,"shared_keywords=['annual', 'general', 'meeting']; title_jaccard=0.60"
companies_1956_to_2013,96,Annual general meeting. —(1) Every company other than a One Person Company shall in each,166,ANNUAL GENERAL MEETING,4.800,"shared_keywords=['annual', 'general', 'meeting']; title_jaccard=0.60"
companies_2013_to_1956,128,"Books of account, etc., to be kept by company.—(1) Every company shall prepare and keep at",209,BOOKS OF ACCOUNT TO BE KEPT BY COMPANY,4.800,"shared_keywords=['account', 'books', 'kept']; title_jaccard=0.60"
companies_1956_to_2013,128,"Books of account, etc., to be kept by company.—(1) Every company shall prepare and keep at",209,BOOKS OF ACCOUNT TO BE KEPT BY COMPANY,4.800,"shared_keywords=['account', 'books', 'kept']; title_jaccard=0.60"
companies_2013_to_1956,37,"Where shares are converted into stock,",96,EFFECT OF CONVERSION OF SHARES INTO STOCK,4.500,"shared_keywords=['into', 'shares', 'stock']; title_jaccard=0.50"
companies_1956_to_2013,37,"Where shares are converted into stock,",96,EFFECT OF CONVERSION OF SHARES INTO STOCK,4.500,"shared_keywords=['into', 'shares', 'stock']; title_jaccard=0.50"
companies_2013_to_1956,53,"Prohibition on issue of shares at discount. —(1) Except as provided in section 54, a company",79,POWER TO ISSUE SHARES AT A DISCOUNT,4.500,"shared_keywords=['discount', 'issue', 'shares']; title_jaccard=0.50"
companies_1956_to_2013,53,"Prohibition on issue of shares at discount. —(1) Except as provided in section 54, a company",79,POWER TO ISSUE SHARES AT A DISCOUNT,4.500,"shared_keywords=['discount', 'issue', 'shares']; title_jaccard=0.50"
companies_2013_to_1956,116,Resolutions passed at adjourned meeting. —Where a resolution is passed at an adjourned,191,RESOLUTIONS PASSED AT ADJOURNED MEETINGS,4.500,"shared_keywords=['adjourned', 'passed', 'resolutions']; title_jaccard=0.50"
companies_1956_to_2013,116,Resolutions passed at adjourned meeting. —Where a resolution is passed at an adjourned,191,RESOLUTIONS PASSED AT ADJOURNED MEETINGS,4.500,"shared_keywords=['adjourned', 'passed', 'resolutions']; title_jaccard=0.50"
companies_2013_to_1956,43,"Kinds of share capital.—The share capital of a company limited by shares shall be of two kinds,",86,NEW ISSUES OF SHARE CAPITAL TO BE ONLY OF TWO KINDS,4.286,"shared_keywords=['capital', 'kinds', 'share']; title_jaccard=0.43"
companies_1956_to_2013,43,"Kinds of share capital.—The share capital of a company limited by shares shall be of two kinds,",86,NEW ISSUES OF SHARE CAPITAL TO BE ONLY OF TWO KINDS,4.286,"shared_keywords=['capital', 'kinds', 'share']; title_jaccard=0.43"
companies_2013_to_1956,55,"Issue and redemption of preference shares. —(1) No company limited by shares shall, after the",80,POWER TO ISSUE REDEEMABLE PREFERENCE SHARES,4.286,"shared_keywords=['issue', 'preference', 'shares']; title_jaccard=0.43"
companies_1956_to_2013,55,"Issue and redemption of preference shares. —(1) No company limited by shares shall, after the",80,POWER TO ISSUE REDEEMABLE PREFERENCE SHARES,4.286,"shared_keywords=['issue', 'preference', 'shares']; title_jaccard=0.43"
companies_2013_to_1956,62,"Further issue of share capital.—(1) Where at any time, a company having a share capital proposes",81,FURTHER ISSUE OF CAPITAL,4.286,"shared_keywords=['capital', 'further', 'issue']; title_jaccard=0.43"
companies_1956_to_2013,62,"Further issue of share capital.—(1) Where at any time, a company having a share capital proposes",81,FURTHER ISSUE OF CAPITAL,4.286,"shared_keywords=['capital', 'further', 'issue']; title_jaccard=0.43"
companies_2013_to_1956,87,Rectification by Central Government in Register of charges. —The Central Government on,141,"Rectification by Company Law Board of register of charges. - (1) The Company Law Board, on being",4.286,"shared_keywords=['charges', 'rectification', 'register']; title_jaccard=0.43"
companies_1956_to_2013,87,Rectification by Central Government in Register of charges. —The Central Government on,141,"Rectification by Company Law Board of register of charges. - (1) The Company Law Board, on being",4.286,"shared_keywords=['charges', 'rectification', 'register']; title_jaccard=0.43"
companies_2013_to_1956,124,Unpaid Dividend Account.—(1) Where a dividend has been declared by a company but has not,205A,UNPAID DIVIDEND TO BE TRANSFERRED TO SPECIAL DIVIDEND ACCOUNT,4.286,"shared_keywords=['account', 'dividend', 'unpaid']; title_jaccard=0.43"
companies_1956_to_2013,124,Unpaid Dividend Account.—(1) Where a dividend has been declared by a company but has not,205A,UNPAID DIVIDEND TO BE TRANSFERRED TO SPECIAL DIVIDEND ACCOUNT,4.286,"shared_keywords=['account', 'dividend', 'unpaid']; title_jaccard=0.43"
companies_2013_to_1956,270,Winding up by Tribunal.—The provisions of Part I shall apply to the winding up of a company,135,PROVISIONS OF PART TO APPLY TO MODIFICATION OF CHARGES,4.286,"shared_keywords=['apply', 'part', 'provisions']; title_jaccard=0.43"
companies_1956_to_2013,270,Winding up by Tribunal.—The provisions of Part I shall apply to the winding up of a company,135,PROVISIONS OF PART TO APPLY TO MODIFICATION OF CHARGES,4.286,"shared_keywords=['apply', 'part', 'provisions']; title_jaccard=0.43"
companies_2013_to_1956,12,"Registered office of company.—(1) A company shall, 3[within thirty days of its incorporation] and",17A,CHANGE OF REGISTERED OFFICE WITHIN A STATE,4.225,"shared_keywords=['office', 'registered', 'within']; title_jaccard=0.38"
companies_1956_to_2013,12,"Registered office of company.—(1) A company shall, 3[within thirty days of its incorporation] and",17A,CHANGE OF REGISTERED OFFICE WITHIN A STATE,4.225,"shared_keywords=['office', 'registered', 'within']; title_jaccard=0.38"
companies_2013_to_1956,22,"Execution of bills of exchange, etc. —(1) A bill of exchange, hundi or promissory note shall be",47,BILLS OF EXCHANGE AND PROMISSORY NOTES,4.125,"shared_keywords=['bills', 'exchange', 'promissory']; title_jaccard=0.38"
companies_1956_to_2013,22,"Execution of bills of exchange, etc. —(1) A bill of exchange, hundi or promissory note shall be",47,BILLS OF EXCHANGE AND PROMISSORY NOTES,4.125,"shared_keywords=['bills', 'exchange', 'promissory']; title_jaccard=0.38"
companies_2013_to_1956,84,Intimation of appointment of receiver or manager. —(1) If any person obtains an order for the,137,ENTRY IN REGISTER OF CHARGES OF APPOINTMENT OF RECEIVER OR MANAGER,4.125,"shared_keywords=['appointment', 'manager', 'receiver']; title_jaccard=0.38"
companies_1956_to_2013,84,Intimation of appointment of receiver or manager. —(1) If any person obtains an order for the,137,ENTRY IN REGISTER OF CHARGES OF APPOINTMENT OF RECEIVER OR MANAGER,4.125,"shared_keywords=['appointment', 'manager', 'receiver']; title_jaccard=0.38"
companies_2013_to_1956,102,Statement to be annexed to notice. —(1) A statement setting out the following material facts,173,EXPLANATORY STATEMENT TO BE ANNEXED TO NOTICE,4.125,"shared_keywords=['annexed', 'notice', 'statement']; title_jaccard=0.38"
companies_1956_to_2013,102,Statement to be annexed to notice. —(1) A statement setting out the following material facts,173,EXPLANATORY STATEMENT TO BE ANNEXED TO NOTICE,4.125,"shared_keywords=['annexed', 'notice', 'statement']; title_jaccard=0.38"
companies_2013_to_1956,405,Power of Central Government to direct companies to furnish information or statistics.—(1),108D,POWER OF CENTRAL GOVERNMENT TO DIRECT COMPANIES NOT TO GIVE EFFECT TO THE,4.125,"shared_keywords=['central', 'direct', 'government']; title_jaccard=0.38"
companies_1956_to_2013,405,Power of Central Government to direct companies to furnish information or statistics.—(1),108D,POWER OF CENTRAL GOVERNMENT TO DIRECT COMPANIES NOT TO GIVE EFFECT TO THE,4.125,"shared_keywords=['central', 'direct', 'government']; title_jaccard=0.38"
companies_2013_to_1956,27,"Variation in terms of contract or objects in prospectus.—(1) A company shall not, at any time,",61,"TERMS OF CONTRACT MENTIONED IN PROSPECTUS OR STATEMENT IN LIEU OF PROSPECTUS, NOT",4.000,"shared_keywords=['contract', 'prospectus', 'terms']; title_jaccard=0.33"
companies_1956_to_2013,27,"Variation in terms of contract or objects in prospectus.—(1) A company shall not, at any time,",61,"TERMS OF CONTRACT MENTIONED IN PROSPECTUS OR STATEMENT IN LIEU OF PROSPECTUS, NOT",4.000,"shared_keywords=['contract', 'prospectus', 'terms']; title_jaccard=0.33"
companies_2013_to_1956,45,Numbering of shares.—Every share in a company having a share capital shall be distinguished by,159,ANNUAL RETURN TO BE MADE BY COMPANY HAVING A SHARE CAPITAL,4.000,"shared_keywords=['capital', 'having', 'share']; title_jaccard=0.33"
companies_1956_to_2013,45,Numbering of shares.—Every share in a company having a share capital shall be distinguished by,159,ANNUAL RETURN TO BE MADE BY COMPANY HAVING A SHARE CAPITAL,4.000,"shared_keywords=['capital', 'having', 'share']; title_jaccard=0.33"
companies_2013_to_1956,66,Reduction of share capital.—(1) Subject to confirmation by the Tribunal on an application by the,100,SPECIAL RESOLUTION FOR REDUCTION OF SHARE CAPITAL,4.000,"shared_keywords=['capital', 'reduction', 'share']; title_jaccard=0.33"
companies_1956_to_2013,66,Reduction of share capital.—(1) Subject to confirmation by the Tribunal on an application by the,100,SPECIAL RESOLUTION FOR REDUCTION OF SHARE CAPITAL,4.000,"shared_keywords=['capital', 'reduction', 'share']; title_jaccard=0.33"
companies_2013_to_1956,88,"Register of members, etc.—(1) Every company shall keep and maintain the following registers in",157,POWER FOR COMPANY TO KEEP FOREIGN REGISTER OF MEMBERS OR DEBENTURE HOLDERS,4.000,"shared_keywords=['keep', 'members', 'register']; title_jaccard=0.33"
companies_1956_to_2013,88,"Register of members, etc.—(1) Every company shall keep and maintain the following registers in",157,POWER FOR COMPANY TO KEEP FOREIGN REGISTER OF MEMBERS OR DEBENTURE HOLDERS,4.000,"shared_keywords=['keep', 'members', 'register']; title_jaccard=0.33"
companies_2013_to_1956,107,"Voting by show of hands.—(1) At any general meeting, a resolution put to the vote of the meeting",177,VOTING TO BE BY SHOW OF HANDS IN FIRST INSTANCE,4.000,"shared_keywords=['hands', 'show', 'voting']; title_jaccard=0.33"
companies_1956_to_2013,107,"Voting by show of hands.—(1) At any general meeting, a resolution put to the vote of the meeting",177,VOTING TO BE BY SHOW OF HANDS IN FIRST INSTANCE,4.000,"shared_keywords=['hands', 'show', 'voting']; title_jaccard=0.33"
companies_2013_to_1956,171,"Members’ right to inspect.—(1) The register kept under sub-section (1) of section 170,",144,RIGHT TO INSPECT COPIES OF INSTRUMENTS CREATING CHARGES AND COMPANY'S REGISTER OF,4.000,"shared_keywords=['inspect', 'register', 'right']; title_jaccard=0.33"
companies_1956_to_2013,171,"Members’ right to inspect.—(1) The register kept under sub-section (1) of section 170,",144,RIGHT TO INSPECT COPIES OF INSTRUMENTS CREATING CHARGES AND COMPANY'S REGISTER OF,4.000,"shared_keywords=['inspect', 'register', 'right']; title_jaccard=0.33"
companies_2013_to_1956,384,"Debentures, annual return, registration of charges, books of account and their inspection",209A,"INSPECTION OF BOOKS OF ACCOUNT, ETC., OF COMPANIES",4.000,"shared_keywords=['account', 'books', 'inspection']; title_jaccard=0.33"
companies_1956_to_2013,384,"Debentures, annual return, registration of charges, books of account and their inspection",209A,"INSPECTION OF BOOKS OF ACCOUNT, ETC., OF COMPANIES",4.000,"shared_keywords=['account', 'books', 'inspection']; title_jaccard=0.33"
companies_2013_to_1956,388,"Provisions as to expert’s consent and allotment. —(1) No person shall issue, circulate or",58,EXPERT'S CONSENT TO ISSUE OF PROSPECTUS CONTAINING STATEMENT BY HIM,4.000,"shared_keywords=['consent', 'expert', 'issue']; title_jaccard=0.33"
companies_1956_to_2013,388,"Provisions as to expert’s consent and allotment. —(1) No person shall issue, circulate or",58,EXPERT'S CONSENT TO ISSUE OF PROSPECTUS CONTAINING STATEMENT BY HIM,4.000,"shared_keywords=['consent', 'expert', 'issue']; title_jaccard=0.33"
companies_2013_to_1956,83,"(i) Subject to the rights of persons, if any, entitled to shares with special rights as to dividends, all dividends",106,ALTERATION OF RIGHTS OF HOLDERS OF SPECIAL CLASSES OF SHARES,3.900,"shared_keywords=['rights', 'shares', 'special']; title_jaccard=0.30"
companies_1956_to_2013,83,"(i) Subject to the rights of persons, if any, entitled to shares with special rights as to dividends, all dividends",106,ALTERATION OF RIGHTS OF HOLDERS OF SPECIAL CLASSES OF SHARES,3.900,"shared_keywords=['rights', 'shares', 'special']; title_jaccard=0.30"
companies_2013_to_1956,73,Prohibition on acceptance of deposits from public.—(1) On and after the commencement of this,88,Prohibition of issue of shares with disproportionate rights . - No company formed after the commencement,3.818,"shared_keywords=['after', 'commencement', 'prohibition']; title_jaccard=0.27"
companies_1956_to_2013,73,Prohibition on acceptance of deposits from public.—(1) On and after the commencement of this,88,Prohibition of issue of shares with disproportionate rights . - No company formed after the commencement,3.818,"shared_keywords=['after', 'commencement', 'prohibition']; title_jaccard=0.27"
companies_2013_to_1956,109,Demand for poll.—(1) Before or on the declaration of the result of the voting on any resolution,178,CHAIRMAN'S DECLARATION OF RESULT OF VOTING BY SHOW OF HANDS TO BE CONCLUSIVE,3.818,"shared_keywords=['declaration', 'result', 'voting']; title_jaccard=0.27"
companies_1956_to_2013,109,Demand for poll.—(1) Before or on the declaration of the result of the voting on any resolution,178,CHAIRMAN'S DECLARATION OF RESULT OF VOTING BY SHOW OF HANDS TO BE CONCLUSIVE,3.818,"shared_keywords=['declaration', 'result', 'voting']; title_jaccard=0.27"
companies_2013_to_1956,215,"Firm, body corporate or associati on not to be appointed as inspector. —No firm, body",204,RESTRICTION ON APPOINTMENT OF FIRM OR BODY CORPORATE TO OFFICE OR PLACE OF PROFIT,3.818,"shared_keywords=['body', 'corporate', 'firm']; title_jaccard=0.27"
companies_1956_to_2013,215,"Firm, body corporate or associati on not to be appointed as inspector. —No firm, body",204,RESTRICTION ON APPOINTMENT OF FIRM OR BODY CORPORATE TO OFFICE OR PLACE OF PROFIT,3.818,"shared_keywords=['body', 'corporate', 'firm']; title_jaccard=0.27"
companies_2013_to_1956,383,"Service on foreign company.—Any process, notice, or other document required to be served on",172,CONTENTS AND MANNER OF SERVICE OF NOTICE AND PERSONS ON WHOM IT IS TO BE SERVED,3.818,"shared_keywords=['notice', 'served', 'service']; title_jaccard=0.27"
companies_1956_to_2013,383,"Service on foreign company.—Any process, notice, or other document required to be served on",172,CONTENTS AND MANNER OF SERVICE OF NOTICE AND PERSONS ON WHOM IT IS TO BE SERVED,3.818,"shared_keywords=['notice', 'served', 'service']; title_jaccard=0.27"
companies_2013_to_1956,3A,Members severally liable in certain cases.-If at any time the number of members of a company,45,MEMBERS SEVERALLY LIABLE FOR DEBTS WHERE BUSINESS CARRIED ON WITH FEWER THAN,3.750,"shared_keywords=['liable', 'members', 'severally']; title_jaccard=0.25"
companies_1956_to_2013,3A,Members severally liable in certain cases.-If at any time the number of members of a company,45,MEMBERS SEVERALLY LIABLE FOR DEBTS WHERE BUSINESS CARRIED ON WITH FEWER THAN,3.750,"shared_keywords=['liable', 'members', 'severally']; title_jaccard=0.25"
companies_2013_to_1956,5,Regulatory Deferral Account Balances shall be presented in the Balance Sheet in accordance with the,211,FORM AND CONTENTS OF BALANCE SHEET AND PROFIT AND LOSS ACCOUNT,3.750,"shared_keywords=['account', 'balance', 'sheet']; title_jaccard=0.25"
companies_1956_to_2013,5,Regulatory Deferral Account Balances shall be presented in the Balance Sheet in accordance with the,211,FORM AND CONTENTS OF BALANCE SHEET AND PROFIT AND LOSS ACCOUNT,3.750,"shared_keywords=['account', 'balance', 'sheet']; title_jaccard=0.25"
companies_2013_to_1956,136,Right of member to copies of audited financia l statement.—(1) 7*** a copy of the financial,219,RIGHT OF MEMBER TO COPIES OF BALANCE SHEET AND AUDITORS' REPORT,3.750,"shared_keywords=['copies', 'member', 'right']; title_jaccard=0.25"
companies_1956_to_2013,136,Right of member to copies of audited financia l statement.—(1) 7*** a copy of the financial,219,RIGHT OF MEMBER TO COPIES OF BALANCE SHEET AND AUDITORS' REPORT,3.750,"shared_keywords=['copies', 'member', 'right']; title_jaccard=0.25"
companies_2013_to_1956,47,"Voting rights.—(1) Subject to the 2[provisions of section 43, sub-section (2) of section 50 and sub",87,VOTING RIGHTS,3.500,"shared_keywords=['rights', 'voting']; title_jaccard=0.50"
companies_1956_to_2013,47,"Voting rights.—(1) Subject to the 2[provisions of section 43, sub-section (2) of section 50 and sub",87,VOTING RIGHTS,3.500,"shared_keywords=['rights', 'voting']; title_jaccard=0.50"
companies_2013_to_1956,122,Applicability of this Chapter to One Person Company.—(1) The provisions of section 98 and,108G,APPLICABILITY OF THE PROVISIONS OF SECTIONS 108A TO 108F,3.500,"shared_keywords=['applicability', 'provisions']; title_jaccard=0.50"
companies_1956_to_2013,122,Applicability of this Chapter to One Person Company.—(1) The provisions of section 98 and,108G,APPLICABILITY OF THE PROVISIONS OF SECTIONS 108A TO 108F,3.500,"shared_keywords=['applicability', 'provisions']; title_jaccard=0.50"
companies_2013_to_1956,242,"Powers of Tribunal.—(1) If, on any application made under section 241, the Tribunal is of the",10C,POWERS OF TRIBUNAL,3.500,"shared_keywords=['powers', 'tribunal']; title_jaccard=0.50"
companies_1956_to_2013,242,"Powers of Tribunal.—(1) If, on any application made under section 241, the Tribunal is of the",10C,POWERS OF TRIBUNAL,3.500,"shared_keywords=['powers', 'tribunal']; title_jaccard=0.50"
companies_2013_to_1956,424,Procedure before Tribunal and Appellate Tribunal. —(1) The Tribunal and the Appellate,10B,PROCEDURE OF TRIBUNAL,3.500,"shared_keywords=['procedure', 'tribunal']; title_jaccard=0.50"
companies_1956_to_2013,424,Procedure before Tribunal and Appellate Tribunal. —(1) The Tribunal and the Appellate,10B,PROCEDURE OF TRIBUNAL,3.500,"shared_keywords=['procedure', 'tribunal']; title_jaccard=0.50"
companies_2013_to_1956,174,Quorum for meetings of Board.—(1) The quorum for a meeting of the Board of Directors of a,174,QUORUM FOR MEETING,3.450,"shared_keywords=['meeting', 'quorum']; title_jaccard=0.40"
companies_1956_to_2013,174,Quorum for meetings of Board.—(1) The quorum for a meeting of the Board of Directors of a,174,QUORUM FOR MEETING,3.450,"shared_keywords=['meeting', 'quorum']; title_jaccard=0.40"
companies_2013_to_1956,10A,"Commencement of business, etc. —(1) A company incorporated after the commencement of",149,RESTRICTIONS ON COMMENCEMENT OF BUSINESS,3.200,"shared_keywords=['business', 'commencement']; title_jaccard=0.40"
companies_1956_to_2013,10A,"Commencement of business, etc. —(1) A company incorporated after the commencement of",149,RESTRICTIONS ON COMMENCEMENT OF BUSINESS,3.200,"shared_keywords=['business', 'commencement']; title_jaccard=0.40"
companies_2013_to_1956,16,"Rectification of name of company.—(1) If, through inadvertence or otherwise, a company on its",22,RECTIFICATION OF NAME OF COMPANY,3.200,"shared_keywords=['name', 'rectification']; title_jaccard=0.40"
companies_1956_to_2013,16,"Rectification of name of company.—(1) If, through inadvertence or otherwise, a company on its",22,RECTIFICATION OF NAME OF COMPANY,3.200,"shared_keywords=['name', 'rectification']; title_jaccard=0.40"
companies_2013_to_1956,38,"Punishment for personation for acquisition, etc., of securities.—(1) Any person who",68A,"PERSONATION FOR ACQUISITION, ETC., OF SHARES",3.200,"shared_keywords=['acquisition', 'personation']; title_jaccard=0.40"
companies_1956_to_2013,38,"Punishment for personation for acquisition, etc., of securities.—(1) Any person who",68A,"PERSONATION FOR ACQUISITION, ETC., OF SHARES",3.200,"shared_keywords=['acquisition', 'personation']; title_jaccard=0.40"
companies_2013_to_1956,46,"Certificate of shares.—(1) A certificate, 1[issued under the common seal, if any, of the company",84,CERTIFICATE OF SHARES,3.200,"shared_keywords=['certificate', 'shares']; title_jaccard=0.40"
companies_1956_to_2013,46,"Certificate of shares.—(1) A certificate, 1[issued under the common seal, if any, of the company",84,CERTIFICATE OF SHARES,3.200,"shared_keywords=['certificate', 'shares']; title_jaccard=0.40"
companies_2013_to_1956,56,Transfer and transmission of securities.—(1) A company shall not register a transfer of securities,111A,RECTIFICATION OF REGISTER ON TRANSFER,3.200,"shared_keywords=['register', 'transfer']; title_jaccard=0.40"
companies_1956_to_2013,56,Transfer and transmission of securities.—(1) A company shall not register a transfer of securities,111A,RECTIFICATION OF REGISTER ON TRANSFER,3.200,"shared_keywords=['register', 'transfer']; title_jaccard=0.40"
companies_2013_to_1956,68,Power of company to purchase its own securities. —(1) Notwithstanding anything contained in,77A,POWER OF COMPANY TO PURCHASE ITS OWN SECURITIES,3.200,"shared_keywords=['purchase', 'securities']; title_jaccard=0.40"
companies_1956_to_2013,68,Power of company to purchase its own securities. —(1) Notwithstanding anything contained in,77A,POWER OF COMPANY TO PURCHASE ITS OWN SECURITIES,3.200,"shared_keywords=['purchase', 'securities']; title_jaccard=0.40"
companies_2013_to_1956,234,Merger or amalgamation o f company with foreign company. —(1) The provisions of this,158,PROVISIONS AS TO FOREIGN REGISTERS,3.200,"shared_keywords=['foreign', 'provisions']; title_jaccard=0.40"
companies_1956_to_2013,234,Merger or amalgamation o f company with foreign company. —(1) The provisions of this,158,PROVISIONS AS TO FOREIGN REGISTERS,3.200,"shared_keywords=['foreign', 'provisions']; title_jaccard=0.40"
companies_2013_to_1956,367,Certificate of registration of existing companies.—On compliance with the requirements of this,132,CERTIFICATE OF REGISTRATION,3.200,"shared_keywords=['certificate', 'registration']; title_jaccard=0.40"
companies_1956_to_2013,367,Certificate of registration of existing companies.—On compliance with the requirements of this,132,CERTIFICATE OF REGISTRATION,3.200,"shared_keywords=['certificate', 'registration']; title_jaccard=0.40"
companies_2013_to_1956,371,Effect of registration under this Part.—(1) When a company is registered in pursuance of this,34,EFFECT OF REGISTRATION,3.200,"shared_keywords=['effect', 'registration']; title_jaccard=0.40"
companies_1956_to_2013,371,Effect of registration under this Part.—(1) When a company is registered in pursuance of this,34,EFFECT OF REGISTRATION,3.200,"shared_keywords=['effect', 'registration']; title_jaccard=0.40"
companies_2013_to_1956,380,"Documents, etc., to be delivered to Registrar by foreign companies. —(1) Every foreign",52,SERVICE OF DOCUMENTS ON REGISTRAR,3.200,"shared_keywords=['documents', 'registrar']; title_jaccard=0.40"
companies_1956_to_2013,380,"Documents, etc., to be delivered to Registrar by foreign companies. —(1) Every foreign",52,SERVICE OF DOCUMENTS ON REGISTRAR,3.200,"shared_keywords=['documents', 'registrar']; title_jaccard=0.40"
companies_2013_to_1956,408,"Constitution of National Company Law Tribunal. —The Central Government shall, by",10A,CONSTITUTION OF TRIBUNAL,3.200,"shared_keywords=['constitution', 'tribunal']; title_jaccard=0.40"
companies_1956_to_2013,408,"Constitution of National Company Law Tribunal. —The Central Government shall, by",10A,CONSTITUTION OF TRIBUNAL,3.200,"shared_keywords=['constitution', 'tribunal']; title_jaccard=0.40"
companies_2013_to_1956,425,Power to punish for contempt.— The Tribunal and the Appellate Tribunal shall have the same,10G,POWER TO PUNISH FOR CONTEMPT,3.200,"shared_keywords=['contempt', 'punish']; title_jaccard=0.40"
companies_1956_to_2013,425,Power to punish for contempt.— The Tribunal and the Appellate Tribunal shall have the same,10G,POWER TO PUNISH FOR CONTEMPT,3.200,"shared_keywords=['contempt', 'punish']; title_jaccard=0.40"
companies_2013_to_1956,454A,Penalty for repeated default. —Where a company or an officer of a company or any other,5,"MEANING OF \""OFFICER WHO IS IN DEFAULT\",3.200,"shared_keywords=['default', 'officer']; title_jaccard=0.40"
companies_1956_to_2013,454A,Penalty for repeated default. —Where a company or an officer of a company or any other,5,"MEANING OF \""OFFICER WHO IS IN DEFAULT\",3.200,"shared_keywords=['default', 'officer']; title_jaccard=0.40"
companies_2013_to_1956,19,"Subsidiary company not to hold shares in its holding company.—(1) No company shall, either",4,"MEANING OF \""HOLDING COMPANY\"" AND \""SUBSIDIARY\",3.000,"shared_keywords=['holding', 'subsidiary']; title_jaccard=0.33"
companies_1956_to_2013,19,"Subsidiary company not to hold shares in its holding company.—(1) No company shall, either",4,"MEANING OF \""HOLDING COMPANY\"" AND \""SUBSIDIARY\",3.000,"shared_keywords=['holding', 'subsidiary']; title_jaccard=0.33"
companies_2013_to_1956,20,Service of documents. —(1) A document may be served on a company or an officer thereof by,51,SERVICE OF DOCUMENTS ON COMPANY,3.000,"shared_keywords=['documents', 'service']; title_jaccard=0.33"
companies_1956_to_2013,20,Service of documents. —(1) A document may be served on a company or an officer thereof by,51,SERVICE OF DOCUMENTS ON COMPANY,3.000,"shared_keywords=['documents', 'service']; title_jaccard=0.33"
companies_2013_to_1956,67,Restriction on purchase by company or giving of loans by it for purchase of its shares. —(1),77,"RESTRICTIONS ON PURCHASE BY COMPANY, OR LOANS BY COMPANY FOR PURCHASE, OF ITS OWN",3.000,"shared_keywords=['loans', 'purchase']; title_jaccard=0.33"
companies_1956_to_2013,67,Restriction on purchase by company or giving of loans by it for purchase of its shares. —(1),77,"RESTRICTIONS ON PURCHASE BY COMPANY, OR LOANS BY COMPANY FOR PURCHASE, OF ITS OWN",3.000,"shared_keywords=['loans', 'purchase']; title_jaccard=0.33"
companies_2013_to_1956,77,"Duty to register charges, etc.—(1) It shall be the duty of every company creating a charge within",143,COMPANY'S REGISTER OF CHARGES,3.000,"shared_keywords=['charges', 'register']; title_jaccard=0.33"
companies_1956_to_2013,77,"Duty to register charges, etc.—(1) It shall be the duty of every company creating a charge within",143,COMPANY'S REGISTER OF CHARGES,3.000,"shared_keywords=['charges', 'register']; title_jaccard=0.33"
companies_2013_to_1956,111,"Circulation of members’ resolution. —(1) A company shall, on requisition in writing of such",188,CIRCULATION OF MEMBERS' RESOLUTIONS,3.000,"shared_keywords=['circulation', 'members']; title_jaccard=0.33"
companies_1956_to_2013,111,"Circulation of members’ resolution. —(1) A company shall, on requisition in writing of such",188,CIRCULATION OF MEMBERS' RESOLUTIONS,3.000,"shared_keywords=['circulation', 'members']; title_jaccard=0.33"
companies_2013_to_1956,123,Declaration of dividend. —(1) No dividend shall be declared or paid by a company for any,205,DIVIDEND TO BE PAID ONLY OUT OF PROFITS,3.000,"shared_keywords=['dividend', 'paid']; title_jaccard=0.33"
companies_1956_to_2013,123,Declaration of dividend. —(1) No dividend shall be declared or paid by a company for any,205,DIVIDEND TO BE PAID ONLY OUT OF PROFITS,3.000,"shared_keywords=['dividend', 'paid']; title_jaccard=0.33"
companies_2013_to_1956,134,"Financial statement, Board’s report, etc.— 2[(1) The financial statement, including consolidated",217,BOARD'S REPORT,3.000,"shared_keywords=['board', 'report']; title_jaccard=0.33"
companies_1956_to_2013,134,"Financial statement, Board’s report, etc.— 2[(1) The financial statement, including consolidated",217,BOARD'S REPORT,3.000,"shared_keywords=['board', 'report']; title_jaccard=0.33"
companies_2013_to_1956,387,"Dating of prospectus and particulars to be contained therein. —(1) No person shall issue,",55,DATING OF PROSPECTUS,3.000,"shared_keywords=['dating', 'prospectus']; title_jaccard=0.33"
companies_1956_to_2013,387,"Dating of prospectus and particulars to be contained therein. —(1) No person shall issue,",55,DATING OF PROSPECTUS,3.000,"shared_keywords=['dating', 'prospectus']; title_jaccard=0.33"
companies_2013_to_1956,389,"Registration of prospectus.—No person shall issue, circulate or distribute in India any prospectus",60,REGISTRATION OF PROSPECTUS,3.000,"shared_keywords=['prospectus', 'registration']; title_jaccard=0.33"
companies_1956_to_2013,389,"Registration of prospectus.—No person shall issue, circulate or distribute in India any prospectus",60,REGISTRATION OF PROSPECTUS,3.000,"shared_keywords=['prospectus', 'registration']; title_jaccard=0.33"
companies_2013_to_1956,433,"Limitation. —The provisions of the Limitation Act, 1963 (36 of 1963) shall, as far as may be, apply to",58B,PROVISIONS RELATING TO PROSPECTUS TO APPLY TO ADVERTISEMENT,3.000,"shared_keywords=['apply', 'provisions']; title_jaccard=0.33"
companies_1956_to_2013,433,"Limitation. —The provisions of the Limitation Act, 1963 (36 of 1963) shall, as far as may be, apply to",58B,PROVISIONS RELATING TO PROSPECTUS TO APPLY TO ADVERTISEMENT,3.000,"shared_keywords=['apply', 'provisions']; title_jaccard=0.33"
companies_2013_to_1956,31,"Shelf prospectus.—(1) Any class or classes of companies, as the Securities and Exchange Board",60A,SHELF PROSPECTUS,2.857,"shared_keywords=['prospectus', 'shelf']; title_jaccard=0.29"
companies_1956_to_2013,31,"Shelf prospectus.—(1) Any class or classes of companies, as the Securities and Exchange Board",60A,SHELF PROSPECTUS,2.857,"shared_keywords=['prospectus', 'shelf']; title_jaccard=0.29"
companies_2013_to_1956,57,Punishment for personation of shareholder. —If any person deceitfully personates as an owner,116,PENALTY FOR PERSONATION OF SHAREHOLDER,2.857,"shared_keywords=['personation', 'shareholder']; title_jaccard=0.29"
companies_1956_to_2013,57,Punishment for personation of shareholder. —If any person deceitfully personates as an owner,116,PENALTY FOR PERSONATION OF SHAREHOLDER,2.857,"shared_keywords=['personation', 'shareholder']; title_jaccard=0.29"
companies_2013_to_1956,59,"Rectification of register of members.—(1) If the name of any person is, without sufficient cause,",150,REGISTER OF MEMBERS,2.857,"shared_keywords=['members', 'register']; title_jaccard=0.29"
companies_1956_to_2013,59,"Rectification of register of members.—(1) If the name of any person is, without sufficient cause,",150,REGISTER OF MEMBERS,2.857,"shared_keywords=['members', 'register']; title_jaccard=0.29"
companies_2013_to_1956,86,Punishment for contravention.—1[ 2[(1)] If any company is in default in complying with any of,43,CONSEQUENCES OF DEFAULT IN COMPLYING WITH CONDITIONS CONSTITUTING A COMPANY A,2.857,"shared_keywords=['complying', 'default']; title_jaccard=0.29"
companies_1956_to_2013,86,Punishment for contravention.—1[ 2[(1)] If any company is in default in complying with any of,43,CONSEQUENCES OF DEFAULT IN COMPLYING WITH CONDITIONS CONSTITUTING A COMPANY A,2.857,"shared_keywords=['complying', 'default']; title_jaccard=0.29"
companies_2013_to_1956,95,"Registers, etc., to be evidence. —The registers, their indices and copies of annual returns",164,"REGISTERS, ETC., TO BE EVIDENCE",2.857,"shared_keywords=['evidence', 'registers']; title_jaccard=0.29"
companies_1956_to_2013,95,"Registers, etc., to be evidence. —The registers, their indices and copies of annual returns",164,"REGISTERS, ETC., TO BE EVIDENCE",2.857,"shared_keywords=['evidence', 'registers']; title_jaccard=0.29"
companies_2013_to_1956,110,"Postal ballot.—(1) Notwithstanding anything contained in this Act, a company",192A,PASSING OF RESOLUTIONS BY POSTAL BALLOT,2.857,"shared_keywords=['ballot', 'postal']; title_jaccard=0.29"
companies_1956_to_2013,110,"Postal ballot.—(1) Notwithstanding anything contained in this Act, a company",192A,PASSING OF RESOLUTIONS BY POSTAL BALLOT,2.857,"shared_keywords=['ballot', 'postal']; title_jaccard=0.29"
companies_2013_to_1956,114,Ordinary and special resolutions.—(1) A resolution shall be an ordinary resolution if the notice,31,ALTERATION OF ARTICLES BY SPECIAL RESOLUTION,2.857,"shared_keywords=['resolution', 'special']; title_jaccard=0.29"
companies_1956_to_2013,114,Ordinary and special resolutions.—(1) A resolution shall be an ordinary resolution if the notice,31,ALTERATION OF ARTICLES BY SPECIAL RESOLUTION,2.857,"shared_keywords=['resolution', 'special']; title_jaccard=0.29"
companies_2013_to_1956,193,Contract by One Person Company.—(1) Where One Person Company limited by shares or by,28,ADOPTION AND APPLICATION OF TABLE A IN THE CASE OF COMPANIES LIMITED BY SHARES,2.857,"shared_keywords=['limited', 'shares']; title_jaccard=0.29"
companies_1956_to_2013,193,Contract by One Person Company.—(1) Where One Person Company limited by shares or by,28,ADOPTION AND APPLICATION OF TABLE A IN THE CASE OF COMPANIES LIMITED BY SHARES,2.857,"shared_keywords=['limited', 'shares']; title_jaccard=0.29"
companies_2013_to_1956,386,"Interpretation.—For the purposes of the foregoing provisions of this Chapter,",65,INTERPRETATION OF PROVISIONS RELATING TO PROSPECTUSES,2.857,"shared_keywords=['interpretation', 'provisions']; title_jaccard=0.29"
companies_1956_to_2013,386,"Interpretation.—For the purposes of the foregoing provisions of this Chapter,",65,INTERPRETATION OF PROVISIONS RELATING TO PROSPECTUSES,2.857,"shared_keywords=['interpretation', 'provisions']; title_jaccard=0.29"
companies_2013_to_1956,414,"Sal ary, allowances and other terms and conditions of service of Members. —The salary,",53,SERVICE OF DOCUMENTS ON MEMBERS BY COMPANY,2.857,"shared_keywords=['members', 'service']; title_jaccard=0.29"
companies_1956_to_2013,414,"Sal ary, allowances and other terms and conditions of service of Members. —The salary,",53,SERVICE OF DOCUMENTS ON MEMBERS BY COMPANY,2.857,"shared_keywords=['members', 'service']; title_jaccard=0.29"
companies_2013_to_1956,199,Recovery of remuneration in certain cases.—Without prejudice to any liability incurred under,199,"CALCULATION OF COMMISSION, ETC., IN CERTAIN CASES",2.850,"shared_keywords=['cases', 'certain']; title_jaccard=0.20"
companies_1956_to_2013,199,Recovery of remuneration in certain cases.—Without prejudice to any liability incurred under,199,"CALCULATION OF COMMISSION, ETC., IN CERTAIN CASES",2.850,"shared_keywords=['cases', 'certain']; title_jaccard=0.20"
companies_2013_to_1956,180,Restrictions on powers of Board.—(1) The Board of Directors of a company shall exercise the,182,RESTRICTIONS ON EXERCISE OF VOTING RIGHT IN OTHER CASES TO BE VOID,2.767,"shared_keywords=['exercise', 'restrictions']; title_jaccard=0.22"
companies_1956_to_2013,180,Restrictions on powers of Board.—(1) The Board of Directors of a company shall exercise the,182,RESTRICTIONS ON EXERCISE OF VOTING RIGHT IN OTHER CASES TO BE VOID,2.767,"shared_keywords=['exercise', 'restrictions']; title_jaccard=0.22"
companies_2013_to_1956,184,Disclosure of interest by director.—(1) Every director shall at the first meeting of the Board in,186,Power of Company Law Board to order meeting to be called. - (1) If for any reason it is impracticable to,2.767,"shared_keywords=['board', 'meeting']; title_jaccard=0.22"
companies_1956_to_2013,184,Disclosure of interest by director.—(1) Every director shall at the first meeting of the Board in,186,Power of Company Law Board to order meeting to be called. - (1) If for any reason it is impracticable to,2.767,"shared_keywords=['board', 'meeting']; title_jaccard=0.22"
companies_2013_to_1956,14,Alteration of articles.—(1) Subject to the provisions of this Act and the conditions contained in,38,EFFECT OF ALTERATION IN MEMORANDUM OR ARTICLES,2.750,"shared_keywords=['alteration', 'articles']; title_jaccard=0.25"
companies_1956_to_2013,14,Alteration of articles.—(1) Subject to the provisions of this Act and the conditions contained in,38,EFFECT OF ALTERATION IN MEMORANDUM OR ARTICLES,2.750,"shared_keywords=['alteration', 'articles']; title_jaccard=0.25"
companies_2013_to_1956,23,Public offer and private placement.—(1) A public company may issue securities,3,"DEFINITIONS OF \""COMPANY\"", \""EXISTING COMPANY\"", \""PRIVATE COMPANY\"" AND \""PUBLIC COMPANY\",2.750,"shared_keywords=['private', 'public']; title_jaccard=0.25"
companies_1956_to_2013,23,Public offer and private placement.—(1) A public company may issue securities,3,"DEFINITIONS OF \""COMPANY\"", \""EXISTING COMPANY\"", \""PRIVATE COMPANY\"" AND \""PUBLIC COMPANY\",2.750,"shared_keywords=['private', 'public']; title_jaccard=0.25"
companies_2013_to_1956,48,Variations of shareholders’ rights. —(1) Where a share capital of the company is divided into,107,RIGHTS OF DISSENTIENT SHAREHOLDERS,2.750,"shared_keywords=['rights', 'shareholders']; title_jaccard=0.25"
companies_1956_to_2013,48,Variations of shareholders’ rights. —(1) Where a share capital of the company is divided into,107,RIGHTS OF DISSENTIENT SHAREHOLDERS,2.750,"shared_keywords=['rights', 'shareholders']; title_jaccard=0.25"
companies_2013_to_1956,71,Debentures.—(1) A company may issue debentures with an option to convert such debentures into,121,POWER TO RE-ISSUE REDEEMED DEBENTURES IN CERTAIN CASES,2.750,"shared_keywords=['debentures', 'issue']; title_jaccard=0.25"
companies_1956_to_2013,71,Debentures.—(1) A company may issue debentures with an option to convert such debentures into,121,POWER TO RE-ISSUE REDEEMED DEBENTURES IN CERTAIN CASES,2.750,"shared_keywords=['debentures', 'issue']; title_jaccard=0.25"
companies_2013_to_1956,82,Company to report satisfaction of charge.—(1) A company shall give intimation to the Registrar,138,COMPANY TO REPORT SATISFACTION AND PROCEDURE THEREAFTER,2.750,"shared_keywords=['report', 'satisfaction']; title_jaccard=0.25"
companies_1956_to_2013,82,Company to report satisfaction of charge.—(1) A company shall give intimation to the Registrar,138,COMPANY TO REPORT SATISFACTION AND PROCEDURE THEREAFTER,2.750,"shared_keywords=['report', 'satisfaction']; title_jaccard=0.25"
companies_2013_to_1956,113,Representation of corporations at meeting of companies and of credi tors.—(1) A body,187,REPRESENTATION OF CORPORATIONS AT MEETINGS OF COMPANIES AND OF CREDITORS,2.750,"shared_keywords=['corporations', 'representation']; title_jaccard=0.25"
companies_1956_to_2013,113,Representation of corporations at meeting of companies and of credi tors.—(1) A body,187,REPRESENTATION OF CORPORATIONS AT MEETINGS OF COMPANIES AND OF CREDITORS,2.750,"shared_keywords=['corporations', 'representation']; title_jaccard=0.25"
companies_2013_to_1956,117,"Resolutions and agreements to be filed. —(1) A copy of every resolution or any agreement, in",192,REGISTRATION OF CERTAIN RESOLUTIONS AND AGREEMENTS,2.750,"shared_keywords=['agreements', 'resolutions']; title_jaccard=0.25"
companies_1956_to_2013,117,"Resolutions and agreements to be filed. —(1) A copy of every resolution or any agreement, in",192,REGISTRATION OF CERTAIN RESOLUTIONS AND AGREEMENTS,2.750,"shared_keywords=['agreements', 'resolutions']; title_jaccard=0.25"
companies_2013_to_1956,121,Report on annual general meeting. —(1) Every listed public company shall prepare in the,165,STATUTORY MEETING AND STATUTORY REPORT,2.750,"shared_keywords=['meeting', 'report']; title_jaccard=0.25"
companies_1956_to_2013,121,Report on annual general meeting. —(1) Every listed public company shall prepare in the,165,STATUTORY MEETING AND STATUTORY REPORT,2.750,"shared_keywords=['meeting', 'report']; title_jaccard=0.25"
companies_2013_to_1956,232,Merger and amalgamation of companies. —(1) Where an application is made to the Tribunal,101,"APPLICATION TO 1[TRIBUNAL] FOR CONFIRMING ORDER, OBJECTIONS BY CREDITORS, AND",2.750,"shared_keywords=['application', 'tribunal']; title_jaccard=0.25"
companies_1956_to_2013,232,Merger and amalgamation of companies. —(1) Where an application is made to the Tribunal,101,"APPLICATION TO 1[TRIBUNAL] FOR CONFIRMING ORDER, OBJECTIONS BY CREDITORS, AND",2.750,"shared_keywords=['application', 'tribunal']; title_jaccard=0.25"
companies_2013_to_1956,238,Registration of offer of schemes involving transfer of shares.—(1) In relation to every offer of,108B,RESTRICTION ON TRANSFER OF SHARES,2.750,"shared_keywords=['shares', 'transfer']; title_jaccard=0.25"
companies_1956_to_2013,238,Registration of offer of schemes involving transfer of shares.—(1) In relation to every offer of,108B,RESTRICTION ON TRANSFER OF SHARES,2.750,"shared_keywords=['shares', 'transfer']; title_jaccard=0.25"
companies_2013_to_1956,273,"Powers of Tribunal.—(1) The Tribunal may, on receipt of a petition for winding up under section",102,ORDER CONFIRMING REDUCTION AND POWERS OF 1[TRIBUNAL] ON MAKING SUCH ORDER,2.750,"shared_keywords=['powers', 'tribunal']; title_jaccard=0.25"
companies_1956_to_2013,273,"Powers of Tribunal.—(1) The Tribunal may, on receipt of a petition for winding up under section",102,ORDER CONFIRMING REDUCTION AND POWERS OF 1[TRIBUNAL] ON MAKING SUCH ORDER,2.750,"shared_keywords=['powers', 'tribunal']; title_jaccard=0.25"
companies_2013_to_1956,312,[Notice of appointment of Company Liquidator to be given to Registrar.]Omitted by s. 255 and the,156,NOTICE TO REGISTRAR OF RECTIFICATION OF REGISTER,2.750,"shared_keywords=['notice', 'registrar']; title_jaccard=0.25"
companies_1956_to_2013,312,[Notice of appointment of Company Liquidator to be given to Registrar.]Omitted by s. 255 and the,156,NOTICE TO REGISTRAR OF RECTIFICATION OF REGISTER,2.750,"shared_keywords=['notice', 'registrar']; title_jaccard=0.25"
companies_2013_to_1956,378D,Membership and voting rights of Members of Producer Company.— (1)(a) In a case where,214,RIGHTS OF HOLDING COMPANY'S REPRESENTATIVES AND MEMBERS,2.750,"shared_keywords=['members', 'rights']; title_jaccard=0.25"
companies_1956_to_2013,378D,Membership and voting rights of Members of Producer Company.— (1)(a) In a case where,214,RIGHTS OF HOLDING COMPANY'S REPRESENTATIVES AND MEMBERS,2.750,"shared_keywords=['members', 'rights']; title_jaccard=0.25"
companies_2013_to_1956,453,Punishment for improper use of “Limited” or “Private Limited”.—If any person or persons,24,CHANGE OF NAME OF EXISTING PRIVATE LIMITED COMPANIES,2.750,"shared_keywords=['limited', 'private']; title_jaccard=0.25"
companies_1956_to_2013,453,Punishment for improper use of “Limited” or “Private Limited”.—If any person or persons,24,CHANGE OF NAME OF EXISTING PRIVATE LIMITED COMPANIES,2.750,"shared_keywords=['limited', 'private']; title_jaccard=0.25"
companies_2013_to_1956,63,"Issue of bonus shares.—(1) A company may issue fully paid -up bonus shares to its members, in",104,LIABILITY OF MEMBERS IN RESPECT OF REDUCED SHARES,2.667,"shared_keywords=['members', 'shares']; title_jaccard=0.22"
companies_1956_to_2013,63,"Issue of bonus shares.—(1) A company may issue fully paid -up bonus shares to its members, in",104,LIABILITY OF MEMBERS IN RESPECT OF REDUCED SHARES,2.667,"shared_keywords=['members', 'shares']; title_jaccard=0.22"
companies_2013_to_1956,78,Application for registration of charge. —Where a company fails to 3[register the charge within,145,APPLICATION OF PART TO CHARGES REQUIRING REGISTRATION UNDER IT BUT NOT UNDER,2.667,"shared_keywords=['application', 'registration']; title_jaccard=0.22"
companies_1956_to_2013,78,Application for registration of charge. —Where a company fails to 3[register the charge within,145,APPLICATION OF PART TO CHARGES REQUIRING REGISTRATION UNDER IT BUT NOT UNDER,2.667,"shared_keywords=['application', 'registration']; title_jaccard=0.22"
companies_2013_to_1956,92,Annual return.—(1) Every company shall prepare a return (hereinafter referred to as the annual,160,ANNUAL RETURN TO BE MADE BY COMPANY NOT HAVING A SHARE CAPITAL,2.667,"shared_keywords=['annual', 'return']; title_jaccard=0.22"
companies_1956_to_2013,92,Annual return.—(1) Every company shall prepare a return (hereinafter referred to as the annual,160,ANNUAL RETURN TO BE MADE BY COMPANY NOT HAVING A SHARE CAPITAL,2.667,"shared_keywords=['annual', 'return']; title_jaccard=0.22"
companies_2013_to_1956,101,Notice of meeting.—(1) A general meeting of a company may be called by giving not less than,171,LENGTH OF NOTICE FOR CALLING MEETING,2.667,"shared_keywords=['meeting', 'notice']; title_jaccard=0.22"
companies_1956_to_2013,101,Notice of meeting.—(1) A general meeting of a company may be called by giving not less than,171,LENGTH OF NOTICE FOR CALLING MEETING,2.667,"shared_keywords=['meeting', 'notice']; title_jaccard=0.22"
companies_2013_to_1956,137,"Copy of financial statement to be filed with Registrar.—(1) A copy of the financial statements,",44,PROSPECTUS OR STATEMENT IN LIEU OF PROSPECTUS TO BE FILED BY PRIVATE COMPANY ON,2.667,"shared_keywords=['filed', 'statement']; title_jaccard=0.22"
companies_1956_to_2013,137,"Copy of financial statement to be filed with Registrar.—(1) A copy of the financial statements,",44,PROSPECTUS OR STATEMENT IN LIEU OF PROSPECTUS TO BE FILED BY PRIVATE COMPANY ON,2.667,"shared_keywords=['filed', 'statement']; title_jaccard=0.22"
companies_2013_to_1956,147,Punishment for contravention. —(1) If any of the provisions of sections 139 to 146 (both,108I,PENALTY FOR ACQUISITION OR TRANSFER OF SHARE IN CONTRAVENTION OF SECTIONS 108A TO,2.667,"shared_keywords=['contravention', 'sections']; title_jaccard=0.22"
companies_1956_to_2013,147,Punishment for contravention. —(1) If any of the provisions of sections 139 to 146 (both,108I,PENALTY FOR ACQUISITION OR TRANSFER OF SHARE IN CONTRAVENTION OF SECTIONS 108A TO,2.667,"shared_keywords=['contravention', 'sections']; title_jaccard=0.22"
companies_2013_to_1956,213,"Investigation into company’s affairs in other cases.—The Tribunal may,",187D,INVESTIGATION OF BENEFICIAL OWNERSHIP OF SHARES IN CERTAIN CASES,2.667,"shared_keywords=['cases', 'investigation']; title_jaccard=0.22"
companies_1956_to_2013,213,"Investigation into company’s affairs in other cases.—The Tribunal may,",187D,INVESTIGATION OF BENEFICIAL OWNERSHIP OF SHARES IN CERTAIN CASES,2.667,"shared_keywords=['cases', 'investigation']; title_jaccard=0.22"
companies_2013_to_1956,286,"Obligations of directors and managers.—In the case of a limited company, any person who is",27,"REGULATIONS REQUIRED IN CASE OF UNLIMITED COMPANY, COMPANY LIMITED BY GUARANTEE OR",2.667,"shared_keywords=['case', 'limited']; title_jaccard=0.22"
companies_1956_to_2013,286,"Obligations of directors and managers.—In the case of a limited company, any person who is",27,"REGULATIONS REQUIRED IN CASE OF UNLIMITED COMPANY, COMPANY LIMITED BY GUARANTEE OR",2.667,"shared_keywords=['case', 'limited']; title_jaccard=0.22"
companies_2013_to_1956,340,"Power of Tribunal to assess damages against delinquent directors, etc. —(1) If in the course",10D,"APPEALS AGAINST DECISIONS, ETC., OF THE TRIBUNAL",2.667,"shared_keywords=['against', 'tribunal']; title_jaccard=0.22"
companies_1956_to_2013,340,"Power of Tribunal to assess damages against delinquent directors, etc. —(1) If in the course",10D,"APPEALS AGAINST DECISIONS, ETC., OF THE TRIBUNAL",2.667,"shared_keywords=['against', 'tribunal']; title_jaccard=0.22"
companies_2013_to_1956,378Z,"Voting rights.— Save as otherwise provided in sub-sections (1) and (3) of section 378D, every",117,DEBENTURES WITH VOTING RIGHTS NOT TO BE ISSUED HEREAFTER,2.667,"shared_keywords=['rights', 'voting']; title_jaccard=0.22"
companies_1956_to_2013,378Z,"Voting rights.— Save as otherwise provided in sub-sections (1) and (3) of section 378D, every",117,DEBENTURES WITH VOTING RIGHTS NOT TO BE ISSUED HEREAFTER,2.667,"shared_keywords=['rights', 'voting']; title_jaccard=0.22"
companies_2013_to_1956,416,"Resignation of Members. —The President, the Chairperson or any Member may, by notice in",97,NOTICE OF INCREASE OF SHARE CAPITAL OR OF MEMBERS,2.667,"shared_keywords=['members', 'notice']; title_jaccard=0.22"
companies_1956_to_2013,416,"Resignation of Members. —The President, the Chairperson or any Member may, by notice in",97,NOTICE OF INCREASE OF SHARE CAPITAL OR OF MEMBERS,2.667,"shared_keywords=['members', 'notice']; title_jaccard=0.22"
companies_2013_to_1956,457,Non-disclosure of information in certain cases. —Notwithstanding anything contained in any,208,POWER OF COMPANY TO PAY INTEREST OUT OF CAPITAL IN CERTAIN CASES,2.667,"shared_keywords=['cases', 'certain']; title_jaccard=0.22"
companies_1956_to_2013,457,Non-disclosure of information in certain cases. —Notwithstanding anything contained in any,208,POWER OF COMPANY TO PAY INTEREST OUT OF CAPITAL IN CERTAIN CASES,2.667,"shared_keywords=['cases', 'certain']; title_jaccard=0.22"
companies_2013_to_1956,104,"Chairman of meetings.—(1) Unless the articles of the company otherwise provide, the members",39,"COPIES OF MEMORANDUM AND ARTICLES, ETC., TO BE GIVEN TO MEMBERS",2.600,"shared_keywords=['articles', 'members']; title_jaccard=0.20"
companies_1956_to_2013,104,"Chairman of meetings.—(1) Unless the articles of the company otherwise provide, the members",39,"COPIES OF MEMORANDUM AND ARTICLES, ETC., TO BE GIVEN TO MEMBERS",2.600,"shared_keywords=['articles', 'members']; title_jaccard=0.20"
companies_2013_to_1956,196,"Appointment of managing director, whole-time director or manager.—(1) No company shall",204A,RESTRICTIONS ON THE APPOINTMENT OF FORMER MANAGING AGENTS OR SECRETARIES AND,2.600,"shared_keywords=['appointment', 'managing']; title_jaccard=0.20"
companies_1956_to_2013,196,"Appointment of managing director, whole-time director or manager.—(1) No company shall",204A,RESTRICTIONS ON THE APPOINTMENT OF FORMER MANAGING AGENTS OR SECRETARIES AND,2.600,"shared_keywords=['appointment', 'managing']; title_jaccard=0.20"
companies_2013_to_1956,255,[Exclusion of certain time in computing period of limitation.] Omitted by s. 255 and the Eleventh,113,LIMITATION OF TIME FOR ISSUE OF CERTIFICATES,2.600,"shared_keywords=['limitation', 'time']; title_jaccard=0.20"
companies_1956_to_2013,255,[Exclusion of certain time in computing period of limitation.] Omitted by s. 255 and the Eleventh,113,LIMITATION OF TIME FOR ISSUE OF CERTIFICATES,2.600,"shared_keywords=['limitation', 'time']; title_jaccard=0.20"
companies_2013_to_1956,287,"Advisory committee.—(1) The Tribunal may, while passing an order of winding up of a company,",210A,CONSTITUTION OF NATIONAL ADVISORY COMMITTEE ON ACCOUNT-ING STANDARDS,2.600,"shared_keywords=['advisory', 'committee']; title_jaccard=0.20"
companies_1956_to_2013,287,"Advisory committee.—(1) The Tribunal may, while passing an order of winding up of a company,",210A,CONSTITUTION OF NATIONAL ADVISORY COMMITTEE ON ACCOUNT-ING STANDARDS,2.600,"shared_keywords=['advisory', 'committee']; title_jaccard=0.20"
companies_2013_to_1956,303,Appeals from orders made before commencement of Act.—Nothing in this Chapter shall affect,10F,APPEALS AGAINST THE ORDERS OF THE COMPANY LAW BOARD,2.600,"shared_keywords=['appeals', 'orders']; title_jaccard=0.20"
companies_1956_to_2013,303,Appeals from orders made before commencement of Act.—Nothing in this Chapter shall affect,10F,APPEALS AGAINST THE ORDERS OF THE COMPANY LAW BOARD,2.600,"shared_keywords=['appeals', 'orders']; title_jaccard=0.20"
companies_2013_to_1956,349,Official Liquidator to make payments into public account of India. —Every Official,50,POWER FOR COMPANY TO HAVE OFFICIAL SEAL FOR USE OUTSIDE INDIA,2.600,"shared_keywords=['india', 'official']; title_jaccard=0.20"
companies_1956_to_2013,349,Official Liquidator to make payments into public account of India. —Every Official,50,POWER FOR COMPANY TO HAVE OFFICIAL SEAL FOR USE OUTSIDE INDIA,2.600,"shared_keywords=['india', 'official']; title_jaccard=0.20"
companies_2013_to_1956,460,"Condonation of delay in certain cases.—Notwithstanding anything contained in this Act,",43A,PRIVATE COMPANY TO BECOME PUBLIC COMPANY IN CERTAIN CASES,2.600,"shared_keywords=['cases', 'certain']; title_jaccard=0.20"
companies_1956_to_2013,460,"Condonation of delay in certain cases.—Notwithstanding anything contained in this Act,",43A,PRIVATE COMPANY TO BECOME PUBLIC COMPANY IN CERTAIN CASES,2.600,"shared_keywords=['cases', 'certain']; title_jaccard=0.20"
companies_2013_to_1956,40,"Securities to be dealt with in stock ex changes.—(1) Every company making public offer shall,",73,ALLOTMENT OF SHARES AND DEBENTURES TO BE DEALT IN ON STOCK EXCHANGE,2.545,"shared_keywords=['dealt', 'stock']; title_jaccard=0.18"
companies_1956_to_2013,40,"Securities to be dealt with in stock ex changes.—(1) Every company making public offer shall,",73,ALLOTMENT OF SHARES AND DEBENTURES TO BE DEALT IN ON STOCK EXCHANGE,2.545,"shared_keywords=['dealt', 'stock']; title_jaccard=0.18"
companies_2013_to_1956,106,"Restriction on voting rights.—(1) Notwithstanding anything contained in this Act, the articles of",89,TERMINATION OF DISPROPORTIONATELY EXCESSIVE VOTING RIGHTS IN EXISTING COMPANIES,2.545,"shared_keywords=['rights', 'voting']; title_jaccard=0.18"
companies_1956_to_2013,106,"Restriction on voting rights.—(1) Notwithstanding anything contained in this Act, the articles of",89,TERMINATION OF DISPROPORTIONATELY EXCESSIVE VOTING RIGHTS IN EXISTING COMPANIES,2.545,"shared_keywords=['rights', 'voting']; title_jaccard=0.18"
companies_2013_to_1956,11,Regulatory Deferral Account Balances shall be presented in the Balance Sheet in accordance with the relevant Indian,210,ANNUAL ACCOUNTS AND BALANCE SHEET,2.500,"shared_keywords=['balance', 'sheet']; title_jaccard=0.17"
companies_1956_to_2013,11,Regulatory Deferral Account Balances shall be presented in the Balance Sheet in accordance with the relevant Indian,210,ANNUAL ACCOUNTS AND BALANCE SHEET,2.500,"shared_keywords=['balance', 'sheet']; title_jaccard=0.17"
companies_2013_to_1956,17,"(i) Any sum which by the terms of issue of a share becomes payable on allotment or at any fixed date, whether",114,ISSUE AND EFFECT OF SHARE WARRANTS TO BEARER,2.500,"shared_keywords=['issue', 'share']; title_jaccard=0.17"
companies_1956_to_2013,17,"(i) Any sum which by the terms of issue of a share becomes payable on allotment or at any fixed date, whether",114,ISSUE AND EFFECT OF SHARE WARRANTS TO BEARER,2.500,"shared_keywords=['issue', 'share']; title_jaccard=0.17"
companies_2013_to_1956,42,"Issue of shares on private placement basis.—(1) A company may, subject to the provisions of",91,CALLS ON SHARES OF SAME CLASS TO BE MADE ON UNIFORM BASIS,2.500,"shared_keywords=['basis', 'shares']; title_jaccard=0.17"
companies_1956_to_2013,42,"Issue of shares on private placement basis.—(1) A company may, subject to the provisions of",91,CALLS ON SHARES OF SAME CLASS TO BE MADE ON UNIFORM BASIS,2.500,"shared_keywords=['basis', 'shares']; title_jaccard=0.17"
companies_2013_to_1956,93,"[Return to be filed with Registrar in case promoter’s stake changes .] Omitted by the Companies Act,",220,"THREE COPIES OF BALANCE SHEET, ETC., TO BE FILED WITH REGISTRAR",2.500,"shared_keywords=['filed', 'registrar']; title_jaccard=0.17"
companies_1956_to_2013,93,"[Return to be filed with Registrar in case promoter’s stake changes .] Omitted by the Companies Act,",220,"THREE COPIES OF BALANCE SHEET, ETC., TO BE FILED WITH REGISTRAR",2.500,"shared_keywords=['filed', 'registrar']; title_jaccard=0.17"
companies_2013_to_1956,240,"Liability of officers in respect of offences committed prior to merger, amalgamation, etc",201,AVOIDANCE OF PROVISIONS RELIEVING LIABILITY OF OFFICERS AND AUDITORS OF COMPANY,2.500,"shared_keywords=['liability', 'officers']; title_jaccard=0.17"
companies_1956_to_2013,240,"Liability of officers in respect of offences committed prior to merger, amalgamation, etc",201,AVOIDANCE OF PROVISIONS RELIEVING LIABILITY OF OFFICERS AND AUDITORS OF COMPANY,2.500,"shared_keywords=['liability', 'officers']; title_jaccard=0.17"
companies_2013_to_1956,327,"Preferential payments.—(1) In a winding up, subject to the provisions of section 326, there shall",123,PAYMENTS OF CERTAIN DEBTS OUT OF ASSETS SUBJECT TO FLOATING CHARGE IN PRIORITY TO,2.500,"shared_keywords=['payments', 'subject']; title_jaccard=0.17"
companies_1956_to_2013,327,"Preferential payments.—(1) In a winding up, subject to the provisions of section 326, there shall",123,PAYMENTS OF CERTAIN DEBTS OUT OF ASSETS SUBJECT TO FLOATING CHARGE IN PRIORITY TO,2.500,"shared_keywords=['payments', 'subject']; title_jaccard=0.17"
companies_2013_to_1956,330,Certain transfers to be void.—Any transfer or assignment by a company of all its properties or,125,CERTAIN CHARGES TO BE VOID AGAINST LIQUIDATOR OR CREDITORS UNLESS REGISTERED,2.500,"shared_keywords=['certain', 'void']; title_jaccard=0.17"
companies_1956_to_2013,330,Certain transfers to be void.—Any transfer or assignment by a company of all its properties or,125,CERTAIN CHARGES TO BE VOID AGAINST LIQUIDATOR OR CREDITORS UNLESS REGISTERED,2.500,"shared_keywords=['certain', 'void']; title_jaccard=0.17"
companies_2013_to_1956,85,"(i) Any dividend, interest or other monies payable in cash in respect of shares may be paid by cheque or",206,DIVIDEND NOT TO BE PAID EXCEPT TO REGISTERED SHAREHOLDERS OR TO THEIR ORDER OR TO,2.462,"shared_keywords=['dividend', 'paid']; title_jaccard=0.15"
companies_1956_to_2013,85,"(i) Any dividend, interest or other monies payable in cash in respect of shares may be paid by cheque or",206,DIVIDEND NOT TO BE PAID EXCEPT TO REGISTERED SHAREHOLDERS OR TO THEIR ORDER OR TO,2.462,"shared_keywords=['dividend', 'paid']; title_jaccard=0.15"
companies_2013_to_1956,432,Right to legal rep resentation.—A party to any proceeding or appeal before the Tribunal or the Appellate,134,DUTY OF COMPANY AS REGARDS REGISTRATION AND RIGHT OF INTERESTED PARTY,2.462,"shared_keywords=['party', 'right']; title_jaccard=0.15"
companies_1956_to_2013,432,Right to legal rep resentation.—A party to any proceeding or appeal before the Tribunal or the Appellate,134,DUTY OF COMPANY AS REGARDS REGISTRATION AND RIGHT OF INTERESTED PARTY,2.462,"shared_keywords=['party', 'right']; title_jaccard=0.15"
companies_2013_to_1956,463,"Power of court to grant relief in certain cases.—(1) If in any proceeding for negligence, default,",70,PROHIBITION OF ALLOTMENT IN CERTAIN CASES UNLESS STATEMENT IN LIEU OF PROSPECTUS,2.462,"shared_keywords=['cases', 'certain']; title_jaccard=0.15"
companies_1956_to_2013,463,"Power of court to grant relief in certain cases.—(1) If in any proceeding for negligence, default,",70,PROHIBITION OF ALLOTMENT IN CERTAIN CASES UNLESS STATEMENT IN LIEU OF PROSPECTUS,2.462,"shared_keywords=['cases', 'certain']; title_jaccard=0.15"
companies_2013_to_1956,13,"(i) The Board may, from time to time, make calls upon the members in respect of any monies unpaid on their",181,"RESTRICTION ON EXERCISE OF VOTING RIGHT OF MEMBERS WHO HAVE NOT PAID CALLS, ETC",2.400,"shared_keywords=['calls', 'members']; title_jaccard=0.13"
companies_1956_to_2013,13,"(i) The Board may, from time to time, make calls upon the members in respect of any monies unpaid on their",181,"RESTRICTION ON EXERCISE OF VOTING RIGHT OF MEMBERS WHO HAVE NOT PAID CALLS, ETC",2.400,"shared_keywords=['calls', 'members']; title_jaccard=0.13"
companies_2013_to_1956,4,Memorandum.—(1) The memorandum of a company shall state,14,FORM OF MEMORANDUM,2.000,shared_keywords=['memorandum']; title_jaccard=0.33
companies_1956_to_2013,4,Memorandum.—(1) The memorandum of a company shall state,14,FORM OF MEMORANDUM,2.000,shared_keywords=['memorandum']; title_jaccard=0.33
